Workbook
Name qtd_anos: Menu!$D$12
Name salario: Menu!$D$5
Name rendimento_carteira: Menu!$D$6
Name taxa_mensal: Menu!$D$13
Name sugestao_investimento: Menu!$D$7
Name aporte: Menu!$D$11

Sheet Menu
B1: INVESTMENT CALCULATOR
B4: SETTINGS
B5: Income | D5: 1800
B6: Portfolio return | D6: 0.0089
B7: Investment Recommendation (30%) | D7: =D5*30% -> 540
B10: INVESTMENT BY MONTH
B11: How much to invest per month? | D11: 500
B12: For how many years will you invest? | D12: 5
B13: Monthly rate of return | D13: 0.01079
B14: Accumulated wealth | D14: =FV(taxa_mensal,qtd_anos*12,aporte*-1) -> 41888.457
B15: Monthly dividends | D15: =D14*D6 -> 372.80727
B18: SCENARIOS | D18: DIVIDENDS
A19: 2 | B19: In two years total? | C19: =FV($D$13,A19*12,$D$11*-1) -> 13613.814 | D19: =C19*rendimento_carteira -> 121.16294
A20: 5 | B20: In five years total? | C20: =FV($D$13,A20*12,$D$11*-1) -> 41888.457 | D20: =C20*rendimento_carteira -> 372.80727
A21: 10 | B21: In ten years total? | C21: =FV($D$13,A21*12,$D$11*-1) -> 121642.11 | D21: =C21*rendimento_carteira -> 1082.6147
A22: 20 | B22: In twenty years total? | C22: =FV($D$13,A22*12,$D$11*-1) -> 562599.2 | D22: =C22*rendimento_carteira -> 5007.1329
A23: 30 | B23: In thirty years total? | C23: =FV($D$13,A23*12,$D$11*-1) -> 2161084.8 | D23: =C23*rendimento_carteira -> 19233.655
B26: PROFILE | C26: Aggressive
B27: MONTHLY INVESTMENT AMOUNT | C27: =aporte -> 500
B29: TYPE OF PROFILE | C29: SUGESTED PERCENTUAL | D29: VALUES
B30: PAPERS | C30: =VLOOKUP($C$26&"-"&B30,Chaves!A:D,4,FALSE) -> 0.5 | D30: =C30*$C$27 -> 250
B31: BRICKS | C31: =VLOOKUP($C$26&"-"&B31,Chaves!A:D,4,FALSE) -> 0.1 | D31: =C31*$C$27 -> 50
B32: HYBRIDS | C32: =VLOOKUP($C$26&"-"&B32,Chaves!A:D,4,FALSE) -> 0.05 | D32: =C32*$C$27 -> 25
B33: FOF's | C33: =VLOOKUP($C$26&"-"&B33,Chaves!A:D,4,FALSE) -> 0.05 | D33: =C33*$C$27 -> 25
B34: DEVELOPMENTS | C34: =VLOOKUP($C$26&"-"&B34,Chaves!A:D,4,FALSE) -> 0.2 | D34: =C34*$C$27 -> 100
B35: HOTELS | C35: =VLOOKUP($C$26&"-"&B35,Chaves!A:D,4,FALSE) -> 0.1 | D35: =C35*$C$27 -> 50
D36: =SUM(D30:D35) -> 500

Sheet Chaves
A1: KEYS | B1: PROFILE | C1: TYPE FII | D1: %
A2: Conservative-PAPERS | B2: Conservative | C2: PAPERS | D2: 0.3 | F2: =VLOOKUP(A2,A:D,4,FALSE) -> 0.3
A3: Conservative-BRICKS | B3: Conservative | C3: BRICKS | D3: 0.5
A4: Conservative-HYBRIDS | B4: Conservative | C4: HYBRIDS | D4: 0.1
A5: Conservative-FOF's | B5: Conservative | C5: FOF's | D5: 0.1 | F5: Aggressive | G5: PAPERS | I5: =$F$5&"-"&$G5 -> Aggressive-PAPERS | J5: =$F$6&"-"&$G5 -> Moderate-PAPERS | K5: =$F$7&"-"&$G5 -> Conservative-PAPERS
A6: Conservative-DEVELOPMENTS | B6: Conservative | C6: DEVELOPMENTS | D6: 0 | F6: Moderate | G6: BRICKS | I6: =$F$5&"-"&$G6 -> Aggressive-BRICKS | J6: =$F$6&"-"&$G6 -> Moderate-BRICKS | K6: =$F$7&"-"&$G6 -> Conservative-BRICKS
A7: Conservative-HOTELS | B7: Conservative | C7: HOTELS | D7: 0 | F7: Conservative | G7: HYBRIDS | I7: =$F$5&"-"&$G7 -> Aggressive-HYBRIDS | J7: =$F$6&"-"&$G7 -> Moderate-HYBRIDS | K7: =$F$7&"-"&$G7 -> Conservative-HYBRIDS
A8: Moderate-PAPERS | B8: Moderate | C8: PAPERS | D8: 0.32 | G8: FOF's | I8: =$F$5&"-"&$G8 -> Aggressive-FOF's | J8: =$F$6&"-"&$G8 -> Moderate-FOF's | K8: =$F$7&"-"&$G8 -> Conservative-FOF's
A9: Moderate-BRICKS | B9: Moderate | C9: BRICKS | D9: 0.4 | G9: DEVELOPMENTS | I9: =$F$5&"-"&$G9 -> Aggressive-DEVELOPMENTS | J9: =$F$6&"-"&$G9 -> Moderate-DEVELOPMENTS | K9: =$F$7&"-"&$G9 -> Conservative-DEVELOPMENTS
A10: Moderate-HYBRIDS | B10: Moderate | C10: HYBRIDS | D10: 0.08 | G10: HOTELS | I10: =$F$5&"-"&$G10 -> Aggressive-HOTELS | J10: =$F$6&"-"&$G10 -> Moderate-HOTELS | K10: =$F$7&"-"&$G10 -> Conservative-HOTELS
A11: Moderate-FOF's | B11: Moderate | C11: FOF's | D11: 0.05
A12: Moderate-DEVELOPMENTS | B12: Moderate | C12: DEVELOPMENTS | D12: 0.1
A13: Moderate-HOTELS | B13: Moderate | C13: HOTELS | D13: 0.05 | I13: AI("Preencha com um valor adequado para esta célula com base no contexto da tabela")
A14: Aggressive-PAPERS | B14: Aggressive | C14: PAPERS | D14: 0.5
A15: Aggressive-BRICKS | B15: Aggressive | C15: BRICKS | D15: 0.1
A16: Aggressive-HYBRIDS | B16: Aggressive | C16: HYBRIDS | D16: 0.05
A17: Aggressive-FOF's | B17: Aggressive | C17: FOF's | D17: 0.05
A18: Aggressive-DEVELOPMENTS | B18: Aggressive | C18: DEVELOPMENTS | D18: 0.2
A19: Aggressive-HOTELS | B19: Aggressive | C19: HOTELS | D19: 0.1
